{"loss": 29.758779525756836, "_timestamp": 1667676863.2482874, "_runtime": 112.53722643852234, "_step": 659, "mean_loss": 40.129405929103044, "_wandb": {"runtime": 112}}