{"loss": 21.85152816772461, "_timestamp": 1667757173.0656424, "_runtime": 199.49615836143494, "_step": 1205, "mean_loss": 34.72602105970999}