{"loss": 30.97433090209961, "_timestamp": 1667757063.9944043, "_runtime": 90.42492032051086, "_step": 495, "mean_loss": 45.7855135087044}