{"loss": 27.366107940673828, "_timestamp": 1667757108.6581378, "_runtime": 135.0886538028717, "_step": 785, "mean_loss": 39.75643440421301}