{"loss": 57.78649139404297, "_timestamp": 1667676651.8100357, "_runtime": 9.856823682785034, "_step": 0, "_wandb": {"runtime": 9}}