{"loss": 60.47641372680664, "_timestamp": 1667676719.1727915, "_runtime": 7.728665590286255, "_step": 0, "_wandb": {"runtime": 7}}